/mnt/c/Users/Ignasi/Downloads/ArgusNL/1367404206.Wed.May.01_10_30_06.UTC.2013.zandmotor.c6.snap.jpg,/mnt/c/Users/Ignasi/Downloads/ArgusNL/1367404206.Wed.May.01_10_30_06.UTC.2013.zandmotor.c6.snap.segments.pkl,/mnt/c/Users/Ignasi/Downloads/ArgusNL/1367404206.Wed.May.01_10_30_06.UTC.2013.zandmotor.c6.snap.classes.pkl
/mnt/c/Users/Ignasi/Downloads/ArgusNL/1367407802.Wed.May.01_11_30_02.GMT.2013.egmond.c2.snap.jpg,/mnt/c/Users/Ignasi/Downloads/ArgusNL/1367407802.Wed.May.01_11_30_02.GMT.2013.egmond.c2.snap.segments.pkl,/mnt/c/Users/Ignasi/Downloads/ArgusNL/1367407802.Wed.May.01_11_30_02.GMT.2013.egmond.c2.snap.classes.pkl
/mnt/c/Users/Ignasi/Downloads/ArgusNL/1367407802.Wed.May.01_11_30_02.GMT.2013.jvspeijk.c2.snap.jpg,/mnt/c/Users/Ignasi/Downloads/ArgusNL/1367407802.Wed.May.01_11_30_02.GMT.2013.jvspeijk.c2.snap.segments.pkl,/mnt/c/Users/Ignasi/Downloads/ArgusNL/1367407802.Wed.May.01_11_30_02.GMT.2013.jvspeijk.c2.snap.classes.pkl
/mnt/c/Users/Ignasi/Downloads/ArgusNL/1367415008.Wed.May.01_13_30_08.UTC.2013.zandmotor.c8.snap.jpg,/mnt/c/Users/Ignasi/Downloads/ArgusNL/1367415008.Wed.May.01_13_30_08.UTC.2013.zandmotor.c8.snap.segments.pkl,/mnt/c/Users/Ignasi/Downloads/ArgusNL/1367415008.Wed.May.01_13_30_08.UTC.2013.zandmotor.c8.snap.classes.pkl
/mnt/c/Users/Ignasi/Downloads/ArgusNL/1367487003.Thu.May.02_09_30_03.UTC.2013.zandmotor.c3.snap.jpg,/mnt/c/Users/Ignasi/Downloads/ArgusNL/1367487003.Thu.May.02_09_30_03.UTC.2013.zandmotor.c3.snap.segments.pkl,/mnt/c/Users/Ignasi/Downloads/ArgusNL/1367487003.Thu.May.02_09_30_03.UTC.2013.zandmotor.c3.snap.classes.pkl
/mnt/c/Users/Ignasi/Downloads/ArgusNL/1367488805.Thu.May.02_10_00_05.UTC.2013.kijkduin.c4.snap.jpg,/mnt/c/Users/Ignasi/Downloads/ArgusNL/1367488805.Thu.May.02_10_00_05.UTC.2013.kijkduin.c4.snap.segments.pkl,/mnt/c/Users/Ignasi/Downloads/ArgusNL/1367488805.Thu.May.02_10_00_05.UTC.2013.kijkduin.c4.snap.classes.pkl
/mnt/c/Users/Ignasi/Downloads/ArgusNL/1367586006.Fri.May.03_13_00_06.GMT.2013.egmond.c5.snap.jpg,/mnt/c/Users/Ignasi/Downloads/ArgusNL/1367586006.Fri.May.03_13_00_06.GMT.2013.egmond.c5.snap.segments.pkl,/mnt/c/Users/Ignasi/Downloads/ArgusNL/1367586006.Fri.May.03_13_00_06.GMT.2013.egmond.c5.snap.classes.pkl
/mnt/c/Users/Ignasi/Downloads/ArgusNL/1367663409.Sat.May.04_10_30_09.UTC.2013.zandmotor.c8.snap.jpg,/mnt/c/Users/Ignasi/Downloads/ArgusNL/1367663409.Sat.May.04_10_30_09.UTC.2013.zandmotor.c8.snap.segments.pkl,/mnt/c/Users/Ignasi/Downloads/ArgusNL/1367663409.Sat.May.04_10_30_09.UTC.2013.zandmotor.c8.snap.classes.pkl
/mnt/c/Users/Ignasi/Downloads/ArgusNL/1367746202.Sun.May.05_09_30_02.UTC.2013.kijkduin.c1.snap.jpg,/mnt/c/Users/Ignasi/Downloads/ArgusNL/1367746202.Sun.May.05_09_30_02.UTC.2013.kijkduin.c1.snap.segments.pkl,/mnt/c/Users/Ignasi/Downloads/ArgusNL/1367746202.Sun.May.05_09_30_02.UTC.2013.kijkduin.c1.snap.classes.pkl
/mnt/c/Users/Ignasi/Downloads/ArgusNL/1367758802.Sun.May.05_13_00_02.UTC.2013.kijkduin.c2.snap.jpg,/mnt/c/Users/Ignasi/Downloads/ArgusNL/1367758802.Sun.May.05_13_00_02.UTC.2013.kijkduin.c2.snap.segments.pkl,/mnt/c/Users/Ignasi/Downloads/ArgusNL/1367758802.Sun.May.05_13_00_02.UTC.2013.kijkduin.c2.snap.classes.pkl
/mnt/c/Users/Ignasi/Downloads/ArgusNL/1367845205.Mon.May.06_13_00_05.GMT.2013.jvspeijk.c4.snap.jpg,/mnt/c/Users/Ignasi/Downloads/ArgusNL/1367845205.Mon.May.06_13_00_05.GMT.2013.jvspeijk.c4.snap.segments.pkl,/mnt/c/Users/Ignasi/Downloads/ArgusNL/1367845205.Mon.May.06_13_00_05.GMT.2013.jvspeijk.c4.snap.classes.pkl
/mnt/c/Users/Ignasi/Downloads/ArgusNL/1367924401.Tue.May.07_11_00_01.UTC.2013.kijkduin.c1.snap.jpg,/mnt/c/Users/Ignasi/Downloads/ArgusNL/1367924401.Tue.May.07_11_00_01.UTC.2013.kijkduin.c1.snap.segments.pkl,/mnt/c/Users/Ignasi/Downloads/ArgusNL/1367924401.Tue.May.07_11_00_01.UTC.2013.kijkduin.c1.snap.classes.pkl
/mnt/c/Users/Ignasi/Downloads/ArgusNL/1367933404.Tue.May.07_13_30_04.GMT.2013.egmond.c4.snap.jpg,/mnt/c/Users/Ignasi/Downloads/ArgusNL/1367933404.Tue.May.07_13_30_04.GMT.2013.egmond.c4.snap.segments.pkl,/mnt/c/Users/Ignasi/Downloads/ArgusNL/1367933404.Tue.May.07_13_30_04.GMT.2013.egmond.c4.snap.classes.pkl
/mnt/c/Users/Ignasi/Downloads/ArgusNL/1368005405.Wed.May.08_09_30_05.GMT.2013.jvspeijk.c5.snap.jpg,/mnt/c/Users/Ignasi/Downloads/ArgusNL/1368005405.Wed.May.08_09_30_05.GMT.2013.jvspeijk.c5.snap.segments.pkl,/mnt/c/Users/Ignasi/Downloads/ArgusNL/1368005405.Wed.May.08_09_30_05.GMT.2013.jvspeijk.c5.snap.classes.pkl
/mnt/c/Users/Ignasi/Downloads/ArgusNL/1368091807.Thu.May.09_09_30_07.UTC.2013.zandmotor.c6.snap.jpg,/mnt/c/Users/Ignasi/Downloads/ArgusNL/1368091807.Thu.May.09_09_30_07.UTC.2013.zandmotor.c6.snap.segments.pkl,/mnt/c/Users/Ignasi/Downloads/ArgusNL/1368091807.Thu.May.09_09_30_07.UTC.2013.zandmotor.c6.snap.classes.pkl
/mnt/c/Users/Ignasi/Downloads/ArgusNL/1368104406.Thu.May.09_13_00_06.GMT.2013.egmond.c5.snap.jpg,/mnt/c/Users/Ignasi/Downloads/ArgusNL/1368104406.Thu.May.09_13_00_06.GMT.2013.egmond.c5.snap.segments.pkl,/mnt/c/Users/Ignasi/Downloads/ArgusNL/1368104406.Thu.May.09_13_00_06.GMT.2013.egmond.c5.snap.classes.pkl
/mnt/c/Users/Ignasi/Downloads/ArgusNL/1368271806.Sat.May.11_11_30_06.UTC.2013.zandmotor.c6.snap.jpg,/mnt/c/Users/Ignasi/Downloads/ArgusNL/1368271806.Sat.May.11_11_30_06.UTC.2013.zandmotor.c6.snap.segments.pkl,/mnt/c/Users/Ignasi/Downloads/ArgusNL/1368271806.Sat.May.11_11_30_06.UTC.2013.zandmotor.c6.snap.classes.pkl
/mnt/c/Users/Ignasi/Downloads/ArgusNL/1368446403.Mon.May.13_12_00_03.UTC.2013.zandmotor.c3.snap.jpg,/mnt/c/Users/Ignasi/Downloads/ArgusNL/1368446403.Mon.May.13_12_00_03.UTC.2013.zandmotor.c3.snap.segments.pkl,/mnt/c/Users/Ignasi/Downloads/ArgusNL/1368446403.Mon.May.13_12_00_03.UTC.2013.zandmotor.c3.snap.classes.pkl
/mnt/c/Users/Ignasi/Downloads/ArgusNL/1368522008.Tue.May.14_09_00_08.UTC.2013.zandmotor.c8.snap.jpg,/mnt/c/Users/Ignasi/Downloads/ArgusNL/1368522008.Tue.May.14_09_00_08.UTC.2013.zandmotor.c8.snap.segments.pkl,/mnt/c/Users/Ignasi/Downloads/ArgusNL/1368522008.Tue.May.14_09_00_08.UTC.2013.zandmotor.c8.snap.classes.pkl
/mnt/c/Users/Ignasi/Downloads/ArgusNL/1368698403.Thu.May.16_10_00_03.GMT.2013.jvspeijk.c3.snap.jpg,/mnt/c/Users/Ignasi/Downloads/ArgusNL/1368698403.Thu.May.16_10_00_03.GMT.2013.jvspeijk.c3.snap.segments.pkl,/mnt/c/Users/Ignasi/Downloads/ArgusNL/1368698403.Thu.May.16_10_00_03.GMT.2013.jvspeijk.c3.snap.classes.pkl
/mnt/c/Users/Ignasi/Downloads/ArgusNL/1368712802.Thu.May.16_14_00_02.GMT.2013.egmond.c2.snap.jpg,/mnt/c/Users/Ignasi/Downloads/ArgusNL/1368712802.Thu.May.16_14_00_02.GMT.2013.egmond.c2.snap.segments.pkl,/mnt/c/Users/Ignasi/Downloads/ArgusNL/1368712802.Thu.May.16_14_00_02.GMT.2013.egmond.c2.snap.classes.pkl
/mnt/c/Users/Ignasi/Downloads/ArgusNL/1368887403.Sat.May.18_14_30_03.GMT.2013.jvspeijk.c3.snap.jpg,/mnt/c/Users/Ignasi/Downloads/ArgusNL/1368887403.Sat.May.18_14_30_03.GMT.2013.jvspeijk.c3.snap.segments.pkl,/mnt/c/Users/Ignasi/Downloads/ArgusNL/1368887403.Sat.May.18_14_30_03.GMT.2013.jvspeijk.c3.snap.classes.pkl
/mnt/c/Users/Ignasi/Downloads/ArgusNL/1368887406.Sat.May.18_14_30_06.UTC.2013.zandmotor.c6.snap.jpg,/mnt/c/Users/Ignasi/Downloads/ArgusNL/1368887406.Sat.May.18_14_30_06.UTC.2013.zandmotor.c6.snap.segments.pkl,/mnt/c/Users/Ignasi/Downloads/ArgusNL/1368887406.Sat.May.18_14_30_06.UTC.2013.zandmotor.c6.snap.classes.pkl
/mnt/c/Users/Ignasi/Downloads/ArgusNL/1368963002.Sun.May.19_11_30_02.UTC.2013.zandmotor.c1.snap.jpg,/mnt/c/Users/Ignasi/Downloads/ArgusNL/1368963002.Sun.May.19_11_30_02.UTC.2013.zandmotor.c1.snap.segments.pkl,/mnt/c/Users/Ignasi/Downloads/ArgusNL/1368963002.Sun.May.19_11_30_02.UTC.2013.zandmotor.c1.snap.classes.pkl
/mnt/c/Users/Ignasi/Downloads/ArgusNL/1369042201.Mon.May.20_09_30_01.GMT.2013.jvspeijk.c1.snap.jpg,/mnt/c/Users/Ignasi/Downloads/ArgusNL/1369042201.Mon.May.20_09_30_01.GMT.2013.jvspeijk.c1.snap.segments.pkl,/mnt/c/Users/Ignasi/Downloads/ArgusNL/1369042201.Mon.May.20_09_30_01.GMT.2013.jvspeijk.c1.snap.classes.pkl
/mnt/c/Users/Ignasi/Downloads/ArgusNL/1369053004.Mon.May.20_12_30_04.UTC.2013.kijkduin.c4.snap.jpg,/mnt/c/Users/Ignasi/Downloads/ArgusNL/1369053004.Mon.May.20_12_30_04.UTC.2013.kijkduin.c4.snap.segments.pkl,/mnt/c/Users/Ignasi/Downloads/ArgusNL/1369053004.Mon.May.20_12_30_04.UTC.2013.kijkduin.c4.snap.classes.pkl
/mnt/c/Users/Ignasi/Downloads/ArgusNL/1369218606.Wed.May.22_10_30_06.UTC.2013.kijkduin.c6.snap.jpg,/mnt/c/Users/Ignasi/Downloads/ArgusNL/1369218606.Wed.May.22_10_30_06.UTC.2013.kijkduin.c6.snap.segments.pkl,/mnt/c/Users/Ignasi/Downloads/ArgusNL/1369218606.Wed.May.22_10_30_06.UTC.2013.kijkduin.c6.snap.classes.pkl
/mnt/c/Users/Ignasi/Downloads/ArgusNL/1369225803.Wed.May.22_12_30_03.GMT.2013.egmond.c3.snap.jpg,/mnt/c/Users/Ignasi/Downloads/ArgusNL/1369225803.Wed.May.22_12_30_03.GMT.2013.egmond.c3.snap.segments.pkl,/mnt/c/Users/Ignasi/Downloads/ArgusNL/1369225803.Wed.May.22_12_30_03.GMT.2013.egmond.c3.snap.classes.pkl
/mnt/c/Users/Ignasi/Downloads/ArgusNL/1369229402.Wed.May.22_13_30_02.GMT.2013.jvspeijk.c1.snap.jpg,/mnt/c/Users/Ignasi/Downloads/ArgusNL/1369229402.Wed.May.22_13_30_02.GMT.2013.jvspeijk.c1.snap.segments.pkl,/mnt/c/Users/Ignasi/Downloads/ArgusNL/1369229402.Wed.May.22_13_30_02.GMT.2013.jvspeijk.c1.snap.classes.pkl
/mnt/c/Users/Ignasi/Downloads/ArgusNL/1369314006.Thu.May.23_13_00_06.UTC.2013.kijkduin.c6.snap.jpg,/mnt/c/Users/Ignasi/Downloads/ArgusNL/1369314006.Thu.May.23_13_00_06.UTC.2013.kijkduin.c6.snap.segments.pkl,/mnt/c/Users/Ignasi/Downloads/ArgusNL/1369314006.Thu.May.23_13_00_06.UTC.2013.kijkduin.c6.snap.classes.pkl
/mnt/c/Users/Ignasi/Downloads/ArgusNL/1369477807.Sat.May.25_10_30_07.UTC.2013.zandmotor.c7.snap.jpg,/mnt/c/Users/Ignasi/Downloads/ArgusNL/1369477807.Sat.May.25_10_30_07.UTC.2013.zandmotor.c7.snap.segments.pkl,/mnt/c/Users/Ignasi/Downloads/ArgusNL/1369477807.Sat.May.25_10_30_07.UTC.2013.zandmotor.c7.snap.classes.pkl
/mnt/c/Users/Ignasi/Downloads/ArgusNL/1369558802.Sun.May.26_09_00_02.GMT.2013.jvspeijk.c2.snap.jpg,/mnt/c/Users/Ignasi/Downloads/ArgusNL/1369558802.Sun.May.26_09_00_02.GMT.2013.jvspeijk.c2.snap.segments.pkl,/mnt/c/Users/Ignasi/Downloads/ArgusNL/1369558802.Sun.May.26_09_00_02.GMT.2013.jvspeijk.c2.snap.classes.pkl
/mnt/c/Users/Ignasi/Downloads/ArgusNL/1369643403.Mon.May.27_08_30_03.GMT.2013.egmond.c2.snap.jpg,/mnt/c/Users/Ignasi/Downloads/ArgusNL/1369643403.Mon.May.27_08_30_03.GMT.2013.egmond.c2.snap.segments.pkl,/mnt/c/Users/Ignasi/Downloads/ArgusNL/1369643403.Mon.May.27_08_30_03.GMT.2013.egmond.c2.snap.classes.pkl
/mnt/c/Users/Ignasi/Downloads/ArgusNL/1369657802.Mon.May.27_12_30_02.GMT.2013.jvspeijk.c1.snap.jpg,/mnt/c/Users/Ignasi/Downloads/ArgusNL/1369657802.Mon.May.27_12_30_02.GMT.2013.jvspeijk.c1.snap.segments.pkl,/mnt/c/Users/Ignasi/Downloads/ArgusNL/1369657802.Mon.May.27_12_30_02.GMT.2013.jvspeijk.c1.snap.classes.pkl
/mnt/c/Users/Ignasi/Downloads/ArgusNL/1369747805.Tue.May.28_13_30_05.GMT.2013.egmond.c4.snap.jpg,/mnt/c/Users/Ignasi/Downloads/ArgusNL/1369747805.Tue.May.28_13_30_05.GMT.2013.egmond.c4.snap.segments.pkl,/mnt/c/Users/Ignasi/Downloads/ArgusNL/1369747805.Tue.May.28_13_30_05.GMT.2013.egmond.c4.snap.classes.pkl
/mnt/c/Users/Ignasi/Downloads/ArgusNL/1369906203.Thu.May.30_09_30_03.UTC.2013.kijkduin.c3.snap.jpg,/mnt/c/Users/Ignasi/Downloads/ArgusNL/1369906203.Thu.May.30_09_30_03.UTC.2013.kijkduin.c3.snap.segments.pkl,/mnt/c/Users/Ignasi/Downloads/ArgusNL/1369906203.Thu.May.30_09_30_03.UTC.2013.kijkduin.c3.snap.classes.pkl
/mnt/c/Users/Ignasi/Downloads/ArgusNL/1369996203.Fri.May.31_10_30_03.GMT.2013.egmond.c3.snap.jpg,/mnt/c/Users/Ignasi/Downloads/ArgusNL/1369996203.Fri.May.31_10_30_03.GMT.2013.egmond.c3.snap.segments.pkl,/mnt/c/Users/Ignasi/Downloads/ArgusNL/1369996203.Fri.May.31_10_30_03.GMT.2013.egmond.c3.snap.classes.pkl
/mnt/c/Users/Ignasi/Downloads/ArgusNL/1370160006.Sun.Jun.02_08_00_06.UTC.2013.zandmotor.c5.snap.jpg,/mnt/c/Users/Ignasi/Downloads/ArgusNL/1370160006.Sun.Jun.02_08_00_06.UTC.2013.zandmotor.c5.snap.segments.pkl,/mnt/c/Users/Ignasi/Downloads/ArgusNL/1370160006.Sun.Jun.02_08_00_06.UTC.2013.zandmotor.c5.snap.classes.pkl
/mnt/c/Users/Ignasi/Downloads/ArgusNL/1370426405.Wed.Jun.05_10_00_05.GMT.2013.egmond.c5.snap.jpg,/mnt/c/Users/Ignasi/Downloads/ArgusNL/1370426405.Wed.Jun.05_10_00_05.GMT.2013.egmond.c5.snap.segments.pkl,/mnt/c/Users/Ignasi/Downloads/ArgusNL/1370426405.Wed.Jun.05_10_00_05.GMT.2013.egmond.c5.snap.classes.pkl
/mnt/c/Users/Ignasi/Downloads/ArgusNL/1370507401.Thu.Jun.06_08_30_01.UTC.2013.zandmotor.c1.snap.jpg,/mnt/c/Users/Ignasi/Downloads/ArgusNL/1370507401.Thu.Jun.06_08_30_01.UTC.2013.zandmotor.c1.snap.segments.pkl,/mnt/c/Users/Ignasi/Downloads/ArgusNL/1370507401.Thu.Jun.06_08_30_01.UTC.2013.zandmotor.c1.snap.classes.pkl
/mnt/c/Users/Ignasi/Downloads/ArgusNL/1370775601.Sun.Jun.09_11_00_01.UTC.2013.zandmotor.c1.snap.jpg,/mnt/c/Users/Ignasi/Downloads/ArgusNL/1370775601.Sun.Jun.09_11_00_01.UTC.2013.zandmotor.c1.snap.segments.pkl,/mnt/c/Users/Ignasi/Downloads/ArgusNL/1370775601.Sun.Jun.09_11_00_01.UTC.2013.zandmotor.c1.snap.classes.pkl
/mnt/c/Users/Ignasi/Downloads/ArgusNL/1370777404.Sun.Jun.09_11_30_04.UTC.2013.kijkduin.c4.snap.jpg,/mnt/c/Users/Ignasi/Downloads/ArgusNL/1370777404.Sun.Jun.09_11_30_04.UTC.2013.kijkduin.c4.snap.segments.pkl,/mnt/c/Users/Ignasi/Downloads/ArgusNL/1370777404.Sun.Jun.09_11_30_04.UTC.2013.kijkduin.c4.snap.classes.pkl
/mnt/c/Users/Ignasi/Downloads/ArgusNL/1370784604.Sun.Jun.09_13_30_04.UTC.2013.zandmotor.c5.snap.jpg,/mnt/c/Users/Ignasi/Downloads/ArgusNL/1370784604.Sun.Jun.09_13_30_04.UTC.2013.zandmotor.c5.snap.segments.pkl,/mnt/c/Users/Ignasi/Downloads/ArgusNL/1370784604.Sun.Jun.09_13_30_04.UTC.2013.zandmotor.c5.snap.classes.pkl
/mnt/c/Users/Ignasi/Downloads/ArgusNL/1370872803.Mon.Jun.10_14_00_03.GMT.2013.egmond.c3.snap.jpg,/mnt/c/Users/Ignasi/Downloads/ArgusNL/1370872803.Mon.Jun.10_14_00_03.GMT.2013.egmond.c3.snap.segments.pkl,/mnt/c/Users/Ignasi/Downloads/ArgusNL/1370872803.Mon.Jun.10_14_00_03.GMT.2013.egmond.c3.snap.classes.pkl
/mnt/c/Users/Ignasi/Downloads/ArgusNL/1370941206.Tue.Jun.11_09_00_06.UTC.2013.kijkduin.c5.snap.jpg,/mnt/c/Users/Ignasi/Downloads/ArgusNL/1370941206.Tue.Jun.11_09_00_06.UTC.2013.kijkduin.c5.snap.segments.pkl,/mnt/c/Users/Ignasi/Downloads/ArgusNL/1370941206.Tue.Jun.11_09_00_06.UTC.2013.kijkduin.c5.snap.classes.pkl
/mnt/c/Users/Ignasi/Downloads/ArgusNL/1370950201.Tue.Jun.11_11_30_01.GMT.2013.egmond.c1.snap.jpg,/mnt/c/Users/Ignasi/Downloads/ArgusNL/1370950201.Tue.Jun.11_11_30_01.GMT.2013.egmond.c1.snap.segments.pkl,/mnt/c/Users/Ignasi/Downloads/ArgusNL/1370950201.Tue.Jun.11_11_30_01.GMT.2013.egmond.c1.snap.classes.pkl
/mnt/c/Users/Ignasi/Downloads/ArgusNL/1371027605.Wed.Jun.12_09_00_05.GMT.2013.jvspeijk.c5.snap.jpg,/mnt/c/Users/Ignasi/Downloads/ArgusNL/1371027605.Wed.Jun.12_09_00_05.GMT.2013.jvspeijk.c5.snap.segments.pkl,/mnt/c/Users/Ignasi/Downloads/ArgusNL/1371027605.Wed.Jun.12_09_00_05.GMT.2013.jvspeijk.c5.snap.classes.pkl
/mnt/c/Users/Ignasi/Downloads/ArgusNL/1371031205.Wed.Jun.12_10_00_05.UTC.2013.kijkduin.c4.snap.jpg,/mnt/c/Users/Ignasi/Downloads/ArgusNL/1371031205.Wed.Jun.12_10_00_05.UTC.2013.kijkduin.c4.snap.segments.pkl,/mnt/c/Users/Ignasi/Downloads/ArgusNL/1371031205.Wed.Jun.12_10_00_05.UTC.2013.kijkduin.c4.snap.classes.pkl
/mnt/c/Users/Ignasi/Downloads/ArgusNL/1371034801.Wed.Jun.12_11_00_01.UTC.2013.zandmotor.c1.snap.jpg,/mnt/c/Users/Ignasi/Downloads/ArgusNL/1371034801.Wed.Jun.12_11_00_01.UTC.2013.zandmotor.c1.snap.segments.pkl,/mnt/c/Users/Ignasi/Downloads/ArgusNL/1371034801.Wed.Jun.12_11_00_01.UTC.2013.zandmotor.c1.snap.classes.pkl
/mnt/c/Users/Ignasi/Downloads/ArgusNL/1371117601.Thu.Jun.13_10_00_01.GMT.2013.jvspeijk.c1.snap.jpg,/mnt/c/Users/Ignasi/Downloads/ArgusNL/1371117601.Thu.Jun.13_10_00_01.GMT.2013.jvspeijk.c1.snap.segments.pkl,/mnt/c/Users/Ignasi/Downloads/ArgusNL/1371117601.Thu.Jun.13_10_00_01.GMT.2013.jvspeijk.c1.snap.classes.pkl
/mnt/c/Users/Ignasi/Downloads/ArgusNL/1371209402.Fri.Jun.14_11_30_02.GMT.2013.egmond.c1.snap.jpg,/mnt/c/Users/Ignasi/Downloads/ArgusNL/1371209402.Fri.Jun.14_11_30_02.GMT.2013.egmond.c1.snap.segments.pkl,/mnt/c/Users/Ignasi/Downloads/ArgusNL/1371209402.Fri.Jun.14_11_30_02.GMT.2013.egmond.c1.snap.classes.pkl
/mnt/c/Users/Ignasi/Downloads/ArgusNL/1371214803.Fri.Jun.14_13_00_03.GMT.2013.jvspeijk.c3.snap.jpg,/mnt/c/Users/Ignasi/Downloads/ArgusNL/1371214803.Fri.Jun.14_13_00_03.GMT.2013.jvspeijk.c3.snap.segments.pkl,/mnt/c/Users/Ignasi/Downloads/ArgusNL/1371214803.Fri.Jun.14_13_00_03.GMT.2013.jvspeijk.c3.snap.classes.pkl
/mnt/c/Users/Ignasi/Downloads/ArgusNL/1371385802.Sun.Jun.16_12_30_02.GMT.2013.egmond.c2.snap.jpg,/mnt/c/Users/Ignasi/Downloads/ArgusNL/1371385802.Sun.Jun.16_12_30_02.GMT.2013.egmond.c2.snap.segments.pkl,/mnt/c/Users/Ignasi/Downloads/ArgusNL/1371385802.Sun.Jun.16_12_30_02.GMT.2013.egmond.c2.snap.classes.pkl
/mnt/c/Users/Ignasi/Downloads/ArgusNL/1371393002.Sun.Jun.16_14_30_02.UTC.2013.zandmotor.c2.snap.jpg,/mnt/c/Users/Ignasi/Downloads/ArgusNL/1371393002.Sun.Jun.16_14_30_02.UTC.2013.zandmotor.c2.snap.segments.pkl,/mnt/c/Users/Ignasi/Downloads/ArgusNL/1371393002.Sun.Jun.16_14_30_02.UTC.2013.zandmotor.c2.snap.classes.pkl
/mnt/c/Users/Ignasi/Downloads/ArgusNL/1371547807.Tue.Jun.18_09_30_07.UTC.2013.kijkduin.c6.snap.jpg,/mnt/c/Users/Ignasi/Downloads/ArgusNL/1371547807.Tue.Jun.18_09_30_07.UTC.2013.kijkduin.c6.snap.segments.pkl,/mnt/c/Users/Ignasi/Downloads/ArgusNL/1371547807.Tue.Jun.18_09_30_07.UTC.2013.kijkduin.c6.snap.classes.pkl
/mnt/c/Users/Ignasi/Downloads/ArgusNL/1371560404.Tue.Jun.18_13_00_04.UTC.2013.zandmotor.c4.snap.jpg,/mnt/c/Users/Ignasi/Downloads/ArgusNL/1371560404.Tue.Jun.18_13_00_04.UTC.2013.zandmotor.c4.snap.segments.pkl,/mnt/c/Users/Ignasi/Downloads/ArgusNL/1371560404.Tue.Jun.18_13_00_04.UTC.2013.zandmotor.c4.snap.classes.pkl
/mnt/c/Users/Ignasi/Downloads/ArgusNL/1371636005.Wed.Jun.19_10_00_05.GMT.2013.jvspeijk.c5.snap.jpg,/mnt/c/Users/Ignasi/Downloads/ArgusNL/1371636005.Wed.Jun.19_10_00_05.GMT.2013.jvspeijk.c5.snap.segments.pkl,/mnt/c/Users/Ignasi/Downloads/ArgusNL/1371636005.Wed.Jun.19_10_00_05.GMT.2013.jvspeijk.c5.snap.classes.pkl
/mnt/c/Users/Ignasi/Downloads/ArgusNL/1371650402.Wed.Jun.19_14_00_02.GMT.2013.egmond.c1.snap.jpg,/mnt/c/Users/Ignasi/Downloads/ArgusNL/1371650402.Wed.Jun.19_14_00_02.GMT.2013.egmond.c1.snap.segments.pkl,/mnt/c/Users/Ignasi/Downloads/ArgusNL/1371650402.Wed.Jun.19_14_00_02.GMT.2013.egmond.c1.snap.classes.pkl
/mnt/c/Users/Ignasi/Downloads/ArgusNL/1371720604.Thu.Jun.20_09_30_04.UTC.2013.zandmotor.c3.snap.jpg,/mnt/c/Users/Ignasi/Downloads/ArgusNL/1371720604.Thu.Jun.20_09_30_04.UTC.2013.zandmotor.c3.snap.segments.pkl,/mnt/c/Users/Ignasi/Downloads/ArgusNL/1371720604.Thu.Jun.20_09_30_04.UTC.2013.zandmotor.c3.snap.classes.pkl
/mnt/c/Users/Ignasi/Downloads/ArgusNL/1371724202.Thu.Jun.20_10_30_02.UTC.2013.kijkduin.c2.snap.jpg,/mnt/c/Users/Ignasi/Downloads/ArgusNL/1371724202.Thu.Jun.20_10_30_02.UTC.2013.kijkduin.c2.snap.segments.pkl,/mnt/c/Users/Ignasi/Downloads/ArgusNL/1371724202.Thu.Jun.20_10_30_02.UTC.2013.kijkduin.c2.snap.classes.pkl
/mnt/c/Users/Ignasi/Downloads/ArgusNL/1371724203.Thu.Jun.20_10_30_03.UTC.2013.kijkduin.c3.snap.jpg,/mnt/c/Users/Ignasi/Downloads/ArgusNL/1371724203.Thu.Jun.20_10_30_03.UTC.2013.kijkduin.c3.snap.segments.pkl,/mnt/c/Users/Ignasi/Downloads/ArgusNL/1371724203.Thu.Jun.20_10_30_03.UTC.2013.kijkduin.c3.snap.classes.pkl
/mnt/c/Users/Ignasi/Downloads/ArgusNL/1371801605.Fri.Jun.21_08_00_05.GMT.2013.jvspeijk.c5.snap.jpg,/mnt/c/Users/Ignasi/Downloads/ArgusNL/1371801605.Fri.Jun.21_08_00_05.GMT.2013.jvspeijk.c5.snap.segments.pkl,/mnt/c/Users/Ignasi/Downloads/ArgusNL/1371801605.Fri.Jun.21_08_00_05.GMT.2013.jvspeijk.c5.snap.classes.pkl
/mnt/c/Users/Ignasi/Downloads/ArgusNL/1371891604.Sat.Jun.22_09_00_04.UTC.2013.kijkduin.c4.snap.jpg,/mnt/c/Users/Ignasi/Downloads/ArgusNL/1371891604.Sat.Jun.22_09_00_04.UTC.2013.kijkduin.c4.snap.segments.pkl,/mnt/c/Users/Ignasi/Downloads/ArgusNL/1371891604.Sat.Jun.22_09_00_04.UTC.2013.kijkduin.c4.snap.classes.pkl
/mnt/c/Users/Ignasi/Downloads/ArgusNL/1371981606.Sun.Jun.23_10_00_06.UTC.2013.kijkduin.c6.snap.jpg,/mnt/c/Users/Ignasi/Downloads/ArgusNL/1371981606.Sun.Jun.23_10_00_06.UTC.2013.kijkduin.c6.snap.segments.pkl,/mnt/c/Users/Ignasi/Downloads/ArgusNL/1371981606.Sun.Jun.23_10_00_06.UTC.2013.kijkduin.c6.snap.classes.pkl
/mnt/c/Users/Ignasi/Downloads/ArgusNL/1372069804.Mon.Jun.24_10_30_04.GMT.2013.jvspeijk.c4.snap.jpg,/mnt/c/Users/Ignasi/Downloads/ArgusNL/1372069804.Mon.Jun.24_10_30_04.GMT.2013.jvspeijk.c4.snap.segments.pkl,/mnt/c/Users/Ignasi/Downloads/ArgusNL/1372069804.Mon.Jun.24_10_30_04.GMT.2013.jvspeijk.c4.snap.classes.pkl
/mnt/c/Users/Ignasi/Downloads/ArgusNL/1372334407.Thu.Jun.27_12_00_07.UTC.2013.zandmotor.c7.snap.jpg,/mnt/c/Users/Ignasi/Downloads/ArgusNL/1372334407.Thu.Jun.27_12_00_07.UTC.2013.zandmotor.c7.snap.segments.pkl,/mnt/c/Users/Ignasi/Downloads/ArgusNL/1372334407.Thu.Jun.27_12_00_07.UTC.2013.zandmotor.c7.snap.classes.pkl
/mnt/c/Users/Ignasi/Downloads/ArgusNL/1372338004.Thu.Jun.27_13_00_04.GMT.2013.jvspeijk.c4.snap.jpg,/mnt/c/Users/Ignasi/Downloads/ArgusNL/1372338004.Thu.Jun.27_13_00_04.GMT.2013.jvspeijk.c4.snap.segments.pkl,/mnt/c/Users/Ignasi/Downloads/ArgusNL/1372338004.Thu.Jun.27_13_00_04.GMT.2013.jvspeijk.c4.snap.classes.pkl
/mnt/c/Users/Ignasi/Downloads/ArgusNL/1372408202.Fri.Jun.28_08_30_02.UTC.2013.kijkduin.c2.snap.jpg,/mnt/c/Users/Ignasi/Downloads/ArgusNL/1372408202.Fri.Jun.28_08_30_02.UTC.2013.kijkduin.c2.snap.segments.pkl,/mnt/c/Users/Ignasi/Downloads/ArgusNL/1372408202.Fri.Jun.28_08_30_02.UTC.2013.kijkduin.c2.snap.classes.pkl
/mnt/c/Users/Ignasi/Downloads/ArgusNL/1372413605.Fri.Jun.28_10_00_05.UTC.2013.kijkduin.c5.snap.jpg,/mnt/c/Users/Ignasi/Downloads/ArgusNL/1372413605.Fri.Jun.28_10_00_05.UTC.2013.kijkduin.c5.snap.segments.pkl,/mnt/c/Users/Ignasi/Downloads/ArgusNL/1372413605.Fri.Jun.28_10_00_05.UTC.2013.kijkduin.c5.snap.classes.pkl
/mnt/c/Users/Ignasi/Downloads/ArgusNL/1372429805.Fri.Jun.28_14_30_05.UTC.2013.zandmotor.c4.snap.jpg,/mnt/c/Users/Ignasi/Downloads/ArgusNL/1372429805.Fri.Jun.28_14_30_05.UTC.2013.zandmotor.c4.snap.segments.pkl,/mnt/c/Users/Ignasi/Downloads/ArgusNL/1372429805.Fri.Jun.28_14_30_05.UTC.2013.zandmotor.c4.snap.classes.pkl
/mnt/c/Users/Ignasi/Downloads/ArgusNL/1372510806.Sat.Jun.29_13_00_06.UTC.2013.zandmotor.c5.snap.jpg,/mnt/c/Users/Ignasi/Downloads/ArgusNL/1372510806.Sat.Jun.29_13_00_06.UTC.2013.zandmotor.c5.snap.segments.pkl,/mnt/c/Users/Ignasi/Downloads/ArgusNL/1372510806.Sat.Jun.29_13_00_06.UTC.2013.zandmotor.c5.snap.classes.pkl
/mnt/c/Users/Ignasi/Downloads/ArgusNL/1372586404.Sun.Jun.30_10_00_04.GMT.2013.egmond.c4.snap.jpg,/mnt/c/Users/Ignasi/Downloads/ArgusNL/1372586404.Sun.Jun.30_10_00_04.GMT.2013.egmond.c4.snap.segments.pkl,/mnt/c/Users/Ignasi/Downloads/ArgusNL/1372586404.Sun.Jun.30_10_00_04.GMT.2013.egmond.c4.snap.classes.pkl
/mnt/c/Users/Ignasi/Downloads/ArgusNL/1372593603.Sun.Jun.30_12_00_03.UTC.2013.zandmotor.c3.snap.jpg,/mnt/c/Users/Ignasi/Downloads/ArgusNL/1372593603.Sun.Jun.30_12_00_03.UTC.2013.zandmotor.c3.snap.segments.pkl,/mnt/c/Users/Ignasi/Downloads/ArgusNL/1372593603.Sun.Jun.30_12_00_03.UTC.2013.zandmotor.c3.snap.classes.pkl
/mnt/c/Users/Ignasi/Downloads/ArgusNL/1372597202.Sun.Jun.30_13_00_02.UTC.2013.zandmotor.c2.snap.jpg,/mnt/c/Users/Ignasi/Downloads/ArgusNL/1372597202.Sun.Jun.30_13_00_02.UTC.2013.zandmotor.c2.snap.segments.pkl,/mnt/c/Users/Ignasi/Downloads/ArgusNL/1372597202.Sun.Jun.30_13_00_02.UTC.2013.zandmotor.c2.snap.classes.pkl
/mnt/c/Users/Ignasi/Downloads/ArgusNL/1372669202.Mon.Jul.01_09_00_02.UTC.2013.zandmotor.c2.snap.jpg,/mnt/c/Users/Ignasi/Downloads/ArgusNL/1372669202.Mon.Jul.01_09_00_02.UTC.2013.zandmotor.c2.snap.segments.pkl,/mnt/c/Users/Ignasi/Downloads/ArgusNL/1372669202.Mon.Jul.01_09_00_02.UTC.2013.zandmotor.c2.snap.classes.pkl
/mnt/c/Users/Ignasi/Downloads/ArgusNL/1372676403.Mon.Jul.01_11_00_03.UTC.2013.kijkduin.c3.snap.jpg,/mnt/c/Users/Ignasi/Downloads/ArgusNL/1372676403.Mon.Jul.01_11_00_03.UTC.2013.kijkduin.c3.snap.segments.pkl,/mnt/c/Users/Ignasi/Downloads/ArgusNL/1372676403.Mon.Jul.01_11_00_03.UTC.2013.kijkduin.c3.snap.classes.pkl
/mnt/c/Users/Ignasi/Downloads/ArgusNL/1372680004.Mon.Jul.01_12_00_04.UTC.2013.kijkduin.c4.snap.jpg,/mnt/c/Users/Ignasi/Downloads/ArgusNL/1372680004.Mon.Jul.01_12_00_04.UTC.2013.kijkduin.c4.snap.segments.pkl,/mnt/c/Users/Ignasi/Downloads/ArgusNL/1372680004.Mon.Jul.01_12_00_04.UTC.2013.kijkduin.c4.snap.classes.pkl
/mnt/c/Users/Ignasi/Downloads/ArgusNL/1372755603.Tue.Jul.02_09_00_03.UTC.2013.zandmotor.c3.snap.jpg,/mnt/c/Users/Ignasi/Downloads/ArgusNL/1372755603.Tue.Jul.02_09_00_03.UTC.2013.zandmotor.c3.snap.segments.pkl,/mnt/c/Users/Ignasi/Downloads/ArgusNL/1372755603.Tue.Jul.02_09_00_03.UTC.2013.zandmotor.c3.snap.classes.pkl
/mnt/c/Users/Ignasi/Downloads/ArgusNL/1372858203.Wed.Jul.03_13_30_03.UTC.2013.zandmotor.c3.snap.jpg,/mnt/c/Users/Ignasi/Downloads/ArgusNL/1372858203.Wed.Jul.03_13_30_03.UTC.2013.zandmotor.c3.snap.segments.pkl,/mnt/c/Users/Ignasi/Downloads/ArgusNL/1372858203.Wed.Jul.03_13_30_03.UTC.2013.zandmotor.c3.snap.classes.pkl
/mnt/c/Users/Ignasi/Downloads/ArgusNL/1372860005.Wed.Jul.03_14_00_05.GMT.2013.egmond.c4.snap.jpg,/mnt/c/Users/Ignasi/Downloads/ArgusNL/1372860005.Wed.Jul.03_14_00_05.GMT.2013.egmond.c4.snap.segments.pkl,/mnt/c/Users/Ignasi/Downloads/ArgusNL/1372860005.Wed.Jul.03_14_00_05.GMT.2013.egmond.c4.snap.classes.pkl
/mnt/c/Users/Ignasi/Downloads/ArgusNL/1372926603.Thu.Jul.04_08_30_03.UTC.2013.zandmotor.c3.snap.jpg,/mnt/c/Users/Ignasi/Downloads/ArgusNL/1372926603.Thu.Jul.04_08_30_03.UTC.2013.zandmotor.c3.snap.segments.pkl,/mnt/c/Users/Ignasi/Downloads/ArgusNL/1372926603.Thu.Jul.04_08_30_03.UTC.2013.zandmotor.c3.snap.classes.pkl
/mnt/c/Users/Ignasi/Downloads/ArgusNL/1372926606.Thu.Jul.04_08_30_06.UTC.2013.kijkduin.c6.snap.jpg,/mnt/c/Users/Ignasi/Downloads/ArgusNL/1372926606.Thu.Jul.04_08_30_06.UTC.2013.kijkduin.c6.snap.segments.pkl,/mnt/c/Users/Ignasi/Downloads/ArgusNL/1372926606.Thu.Jul.04_08_30_06.UTC.2013.kijkduin.c6.snap.classes.pkl
/mnt/c/Users/Ignasi/Downloads/ArgusNL/1372930202.Thu.Jul.04_09_30_02.UTC.2013.zandmotor.c2.snap.jpg,/mnt/c/Users/Ignasi/Downloads/ArgusNL/1372930202.Thu.Jul.04_09_30_02.UTC.2013.zandmotor.c2.snap.segments.pkl,/mnt/c/Users/Ignasi/Downloads/ArgusNL/1372930202.Thu.Jul.04_09_30_02.UTC.2013.zandmotor.c2.snap.classes.pkl
/mnt/c/Users/Ignasi/Downloads/ArgusNL/1372937402.Thu.Jul.04_11_30_02.GMT.2013.egmond.c1.snap.jpg,/mnt/c/Users/Ignasi/Downloads/ArgusNL/1372937402.Thu.Jul.04_11_30_02.GMT.2013.egmond.c1.snap.segments.pkl,/mnt/c/Users/Ignasi/Downloads/ArgusNL/1372937402.Thu.Jul.04_11_30_02.GMT.2013.egmond.c1.snap.classes.pkl
/mnt/c/Users/Ignasi/Downloads/ArgusNL/1373013001.Fri.Jul.05_08_30_01.UTC.2013.kijkduin.c1.snap.jpg,/mnt/c/Users/Ignasi/Downloads/ArgusNL/1373013001.Fri.Jul.05_08_30_01.UTC.2013.kijkduin.c1.snap.segments.pkl,/mnt/c/Users/Ignasi/Downloads/ArgusNL/1373013001.Fri.Jul.05_08_30_01.UTC.2013.kijkduin.c1.snap.classes.pkl
/mnt/c/Users/Ignasi/Downloads/ArgusNL/1373016604.Fri.Jul.05_09_30_04.UTC.2013.zandmotor.c4.snap.jpg,/mnt/c/Users/Ignasi/Downloads/ArgusNL/1373016604.Fri.Jul.05_09_30_04.UTC.2013.zandmotor.c4.snap.segments.pkl,/mnt/c/Users/Ignasi/Downloads/ArgusNL/1373016604.Fri.Jul.05_09_30_04.UTC.2013.zandmotor.c4.snap.classes.pkl
/mnt/c/Users/Ignasi/Downloads/ArgusNL/1373020205.Fri.Jul.05_10_30_05.UTC.2013.zandmotor.c5.snap.jpg,/mnt/c/Users/Ignasi/Downloads/ArgusNL/1373020205.Fri.Jul.05_10_30_05.UTC.2013.zandmotor.c5.snap.segments.pkl,/mnt/c/Users/Ignasi/Downloads/ArgusNL/1373020205.Fri.Jul.05_10_30_05.UTC.2013.zandmotor.c5.snap.classes.pkl
/mnt/c/Users/Ignasi/Downloads/ArgusNL/1373034602.Fri.Jul.05_14_30_02.GMT.2013.jvspeijk.c2.snap.jpg,/mnt/c/Users/Ignasi/Downloads/ArgusNL/1373034602.Fri.Jul.05_14_30_02.GMT.2013.jvspeijk.c2.snap.segments.pkl,/mnt/c/Users/Ignasi/Downloads/ArgusNL/1373034602.Fri.Jul.05_14_30_02.GMT.2013.jvspeijk.c2.snap.classes.pkl
/mnt/c/Users/Ignasi/Downloads/ArgusNL/1373185803.Sun.Jul.07_08_30_03.UTC.2013.kijkduin.c3.snap.jpg,/mnt/c/Users/Ignasi/Downloads/ArgusNL/1373185803.Sun.Jul.07_08_30_03.UTC.2013.kijkduin.c3.snap.segments.pkl,/mnt/c/Users/Ignasi/Downloads/ArgusNL/1373185803.Sun.Jul.07_08_30_03.UTC.2013.kijkduin.c3.snap.classes.pkl
/mnt/c/Users/Ignasi/Downloads/ArgusNL/1373373004.Tue.Jul.09_12_30_04.GMT.2013.egmond.c3.snap.jpg,/mnt/c/Users/Ignasi/Downloads/ArgusNL/1373373004.Tue.Jul.09_12_30_04.GMT.2013.egmond.c3.snap.segments.pkl,/mnt/c/Users/Ignasi/Downloads/ArgusNL/1373373004.Tue.Jul.09_12_30_04.GMT.2013.egmond.c3.snap.classes.pkl
/mnt/c/Users/Ignasi/Downloads/ArgusNL/1373547604.Thu.Jul.11_13_00_04.UTC.2013.zandmotor.c4.snap.jpg,/mnt/c/Users/Ignasi/Downloads/ArgusNL/1373547604.Thu.Jul.11_13_00_04.UTC.2013.zandmotor.c4.snap.segments.pkl,/mnt/c/Users/Ignasi/Downloads/ArgusNL/1373547604.Thu.Jul.11_13_00_04.UTC.2013.zandmotor.c4.snap.classes.pkl
/mnt/c/Users/Ignasi/Downloads/ArgusNL/1373551201.Thu.Jul.11_14_00_01.GMT.2013.jvspeijk.c1.snap.jpg,/mnt/c/Users/Ignasi/Downloads/ArgusNL/1373551201.Thu.Jul.11_14_00_01.GMT.2013.jvspeijk.c1.snap.segments.pkl,/mnt/c/Users/Ignasi/Downloads/ArgusNL/1373551201.Thu.Jul.11_14_00_01.GMT.2013.jvspeijk.c1.snap.classes.pkl
/mnt/c/Users/Ignasi/Downloads/ArgusNL/1373725803.Sat.Jul.13_14_30_03.UTC.2013.zandmotor.c7.snap.jpg,/mnt/c/Users/Ignasi/Downloads/ArgusNL/1373725803.Sat.Jul.13_14_30_03.UTC.2013.zandmotor.c7.snap.segments.pkl,/mnt/c/Users/Ignasi/Downloads/ArgusNL/1373725803.Sat.Jul.13_14_30_03.UTC.2013.zandmotor.c7.snap.classes.pkl
/mnt/c/Users/Ignasi/Downloads/ArgusNL/1373889606.Mon.Jul.15_12_00_06.UTC.2013.zandmotor.c5.snap.jpg,/mnt/c/Users/Ignasi/Downloads/ArgusNL/1373889606.Mon.Jul.15_12_00_06.UTC.2013.zandmotor.c5.snap.segments.pkl,/mnt/c/Users/Ignasi/Downloads/ArgusNL/1373889606.Mon.Jul.15_12_00_06.UTC.2013.zandmotor.c5.snap.classes.pkl
/mnt/c/Users/Ignasi/Downloads/ArgusNL/1373972403.Tue.Jul.16_11_00_03.GMT.2013.jvspeijk.c2.snap.jpg,/mnt/c/Users/Ignasi/Downloads/ArgusNL/1373972403.Tue.Jul.16_11_00_03.GMT.2013.jvspeijk.c2.snap.segments.pkl,/mnt/c/Users/Ignasi/Downloads/ArgusNL/1373972403.Tue.Jul.16_11_00_03.GMT.2013.jvspeijk.c2.snap.classes.pkl
/mnt/c/Users/Ignasi/Downloads/ArgusNL/1374057004.Wed.Jul.17_10_30_04.GMT.2013.egmond.c4.snap.jpg,/mnt/c/Users/Ignasi/Downloads/ArgusNL/1374057004.Wed.Jul.17_10_30_04.GMT.2013.egmond.c4.snap.segments.pkl,/mnt/c/Users/Ignasi/Downloads/ArgusNL/1374057004.Wed.Jul.17_10_30_04.GMT.2013.egmond.c4.snap.classes.pkl
/mnt/c/Users/Ignasi/Downloads/ArgusNL/1374147003.Thu.Jul.18_11_30_03.GMT.2013.egmond.c2.snap.jpg,/mnt/c/Users/Ignasi/Downloads/ArgusNL/1374147003.Thu.Jul.18_11_30_03.GMT.2013.egmond.c2.snap.segments.pkl,/mnt/c/Users/Ignasi/Downloads/ArgusNL/1374147003.Thu.Jul.18_11_30_03.GMT.2013.egmond.c2.snap.classes.pkl
/mnt/c/Users/Ignasi/Downloads/ArgusNL/1374566402.Tue.Jul.23_08_00_02.UTC.2013.kijkduin.c2.snap.jpg,/mnt/c/Users/Ignasi/Downloads/ArgusNL/1374566402.Tue.Jul.23_08_00_02.UTC.2013.kijkduin.c2.snap.segments.pkl,/mnt/c/Users/Ignasi/Downloads/ArgusNL/1374566402.Tue.Jul.23_08_00_02.UTC.2013.kijkduin.c2.snap.classes.pkl
/mnt/c/Users/Ignasi/Downloads/ArgusNL/1374589808.Tue.Jul.23_14_30_08.UTC.2013.zandmotor.c7.snap.jpg,/mnt/c/Users/Ignasi/Downloads/ArgusNL/1374589808.Tue.Jul.23_14_30_08.UTC.2013.zandmotor.c7.snap.segments.pkl,/mnt/c/Users/Ignasi/Downloads/ArgusNL/1374589808.Tue.Jul.23_14_30_08.UTC.2013.zandmotor.c7.snap.classes.pkl
/mnt/c/Users/Ignasi/Downloads/ArgusNL/1374658204.Wed.Jul.24_09_30_04.UTC.2013.zandmotor.c4.snap.jpg,/mnt/c/Users/Ignasi/Downloads/ArgusNL/1374658204.Wed.Jul.24_09_30_04.UTC.2013.zandmotor.c4.snap.segments.pkl,/mnt/c/Users/Ignasi/Downloads/ArgusNL/1374658204.Wed.Jul.24_09_30_04.UTC.2013.zandmotor.c4.snap.classes.pkl
/mnt/c/Users/Ignasi/Downloads/ArgusNL/1374667206.Wed.Jul.24_12_00_06.GMT.2013.jvspeijk.c5.snap.jpg,/mnt/c/Users/Ignasi/Downloads/ArgusNL/1374667206.Wed.Jul.24_12_00_06.GMT.2013.jvspeijk.c5.snap.segments.pkl,/mnt/c/Users/Ignasi/Downloads/ArgusNL/1374667206.Wed.Jul.24_12_00_06.GMT.2013.jvspeijk.c5.snap.classes.pkl
/mnt/c/Users/Ignasi/Downloads/ArgusNL/1374751801.Thu.Jul.25_11_30_01.UTC.2013.zandmotor.c1.snap.jpg,/mnt/c/Users/Ignasi/Downloads/ArgusNL/1374751801.Thu.Jul.25_11_30_01.UTC.2013.zandmotor.c1.snap.segments.pkl,/mnt/c/Users/Ignasi/Downloads/ArgusNL/1374751801.Thu.Jul.25_11_30_01.UTC.2013.zandmotor.c1.snap.classes.pkl
/mnt/c/Users/Ignasi/Downloads/ArgusNL/1374836404.Fri.Jul.26_11_00_04.UTC.2013.kijkduin.c3.snap.jpg,/mnt/c/Users/Ignasi/Downloads/ArgusNL/1374836404.Fri.Jul.26_11_00_04.UTC.2013.kijkduin.c3.snap.segments.pkl,/mnt/c/Users/Ignasi/Downloads/ArgusNL/1374836404.Fri.Jul.26_11_00_04.UTC.2013.kijkduin.c3.snap.classes.pkl
/mnt/c/Users/Ignasi/Downloads/ArgusNL/1374841802.Fri.Jul.26_12_30_02.UTC.2013.zandmotor.c2.snap.jpg,/mnt/c/Users/Ignasi/Downloads/ArgusNL/1374841802.Fri.Jul.26_12_30_02.UTC.2013.zandmotor.c2.snap.segments.pkl,/mnt/c/Users/Ignasi/Downloads/ArgusNL/1374841802.Fri.Jul.26_12_30_02.UTC.2013.zandmotor.c2.snap.classes.pkl
/mnt/c/Users/Ignasi/Downloads/ArgusNL/1374913807.Sat.Jul.27_08_30_07.UTC.2013.kijkduin.c6.snap.jpg,/mnt/c/Users/Ignasi/Downloads/ArgusNL/1374913807.Sat.Jul.27_08_30_07.UTC.2013.kijkduin.c6.snap.segments.pkl,/mnt/c/Users/Ignasi/Downloads/ArgusNL/1374913807.Sat.Jul.27_08_30_07.UTC.2013.kijkduin.c6.snap.classes.pkl
/mnt/c/Users/Ignasi/Downloads/ArgusNL/1375171206.Tue.Jul.30_08_00_06.UTC.2013.zandmotor.c6.snap.jpg,/mnt/c/Users/Ignasi/Downloads/ArgusNL/1375171206.Tue.Jul.30_08_00_06.UTC.2013.zandmotor.c6.snap.segments.pkl,/mnt/c/Users/Ignasi/Downloads/ArgusNL/1375171206.Tue.Jul.30_08_00_06.UTC.2013.zandmotor.c6.snap.classes.pkl
/mnt/c/Users/Ignasi/Downloads/ArgusNL/1375176603.Tue.Jul.30_09_30_03.GMT.2013.jvspeijk.c3.snap.jpg,/mnt/c/Users/Ignasi/Downloads/ArgusNL/1375176603.Tue.Jul.30_09_30_03.GMT.2013.jvspeijk.c3.snap.segments.pkl,/mnt/c/Users/Ignasi/Downloads/ArgusNL/1375176603.Tue.Jul.30_09_30_03.GMT.2013.jvspeijk.c3.snap.classes.pkl
/mnt/c/Users/Ignasi/Downloads/ArgusNL/1375191007.Tue.Jul.30_13_30_07.UTC.2013.zandmotor.c6.snap.jpg,/mnt/c/Users/Ignasi/Downloads/ArgusNL/1375191007.Tue.Jul.30_13_30_07.UTC.2013.zandmotor.c6.snap.segments.pkl,/mnt/c/Users/Ignasi/Downloads/ArgusNL/1375191007.Tue.Jul.30_13_30_07.UTC.2013.zandmotor.c6.snap.classes.pkl
/mnt/c/Users/Ignasi/Downloads/ArgusNL/1375272002.Wed.Jul.31_12_00_02.UTC.2013.zandmotor.c2.snap.jpg,/mnt/c/Users/Ignasi/Downloads/ArgusNL/1375272002.Wed.Jul.31_12_00_02.UTC.2013.zandmotor.c2.snap.segments.pkl,/mnt/c/Users/Ignasi/Downloads/ArgusNL/1375272002.Wed.Jul.31_12_00_02.UTC.2013.zandmotor.c2.snap.classes.pkl
/mnt/c/Users/Ignasi/Downloads/ArgusNL/1375344004.Thu.Aug.01_08_00_04.UTC.2013.zandmotor.c4.snap.jpg,/mnt/c/Users/Ignasi/Downloads/ArgusNL/1375344004.Thu.Aug.01_08_00_04.UTC.2013.zandmotor.c4.snap.segments.pkl,/mnt/c/Users/Ignasi/Downloads/ArgusNL/1375344004.Thu.Aug.01_08_00_04.UTC.2013.zandmotor.c4.snap.classes.pkl
/mnt/c/Users/Ignasi/Downloads/ArgusNL/1375354804.Thu.Aug.01_11_00_04.GMT.2013.jvspeijk.c4.snap.jpg,/mnt/c/Users/Ignasi/Downloads/ArgusNL/1375354804.Thu.Aug.01_11_00_04.GMT.2013.jvspeijk.c4.snap.segments.pkl,/mnt/c/Users/Ignasi/Downloads/ArgusNL/1375354804.Thu.Aug.01_11_00_04.GMT.2013.jvspeijk.c4.snap.classes.pkl
/mnt/c/Users/Ignasi/Downloads/ArgusNL/1375356603.Thu.Aug.01_11_30_03.GMT.2013.jvspeijk.c3.snap.jpg,/mnt/c/Users/Ignasi/Downloads/ArgusNL/1375356603.Thu.Aug.01_11_30_03.GMT.2013.jvspeijk.c3.snap.segments.pkl,/mnt/c/Users/Ignasi/Downloads/ArgusNL/1375356603.Thu.Aug.01_11_30_03.GMT.2013.jvspeijk.c3.snap.classes.pkl
/mnt/c/Users/Ignasi/Downloads/ArgusNL/1375617604.Sun.Aug.04_12_00_04.UTC.2013.kijkduin.c3.snap.jpg,/mnt/c/Users/Ignasi/Downloads/ArgusNL/1375617604.Sun.Aug.04_12_00_04.UTC.2013.kijkduin.c3.snap.segments.pkl,/mnt/c/Users/Ignasi/Downloads/ArgusNL/1375617604.Sun.Aug.04_12_00_04.UTC.2013.kijkduin.c3.snap.classes.pkl
/mnt/c/Users/Ignasi/Downloads/ArgusNL/1375783202.Tue.Aug.06_10_00_02.GMT.2013.jvspeijk.c2.snap.jpg,/mnt/c/Users/Ignasi/Downloads/ArgusNL/1375783202.Tue.Aug.06_10_00_02.GMT.2013.jvspeijk.c2.snap.segments.pkl,/mnt/c/Users/Ignasi/Downloads/ArgusNL/1375783202.Tue.Aug.06_10_00_02.GMT.2013.jvspeijk.c2.snap.classes.pkl
/mnt/c/Users/Ignasi/Downloads/ArgusNL/1376038801.Fri.Aug.09_09_00_01.UTC.2013.kijkduin.c1.snap.jpg,/mnt/c/Users/Ignasi/Downloads/ArgusNL/1376038801.Fri.Aug.09_09_00_01.UTC.2013.kijkduin.c1.snap.segments.pkl,/mnt/c/Users/Ignasi/Downloads/ArgusNL/1376038801.Fri.Aug.09_09_00_01.UTC.2013.kijkduin.c1.snap.classes.pkl
/mnt/c/Users/Ignasi/Downloads/ArgusNL/1376049603.Fri.Aug.09_12_00_03.GMT.2013.jvspeijk.c3.snap.jpg,/mnt/c/Users/Ignasi/Downloads/ArgusNL/1376049603.Fri.Aug.09_12_00_03.GMT.2013.jvspeijk.c3.snap.segments.pkl,/mnt/c/Users/Ignasi/Downloads/ArgusNL/1376049603.Fri.Aug.09_12_00_03.GMT.2013.jvspeijk.c3.snap.classes.pkl
/mnt/c/Users/Ignasi/Downloads/ArgusNL/1376049608.Fri.Aug.09_12_00_08.UTC.2013.zandmotor.c7.snap.jpg,/mnt/c/Users/Ignasi/Downloads/ArgusNL/1376049608.Fri.Aug.09_12_00_08.UTC.2013.zandmotor.c7.snap.segments.pkl,/mnt/c/Users/Ignasi/Downloads/ArgusNL/1376049608.Fri.Aug.09_12_00_08.UTC.2013.zandmotor.c7.snap.classes.pkl
/mnt/c/Users/Ignasi/Downloads/ArgusNL/1376056806.Fri.Aug.09_14_00_06.GMT.2013.egmond.c5.snap.jpg,/mnt/c/Users/Ignasi/Downloads/ArgusNL/1376056806.Fri.Aug.09_14_00_06.GMT.2013.egmond.c5.snap.segments.pkl,/mnt/c/Users/Ignasi/Downloads/ArgusNL/1376056806.Fri.Aug.09_14_00_06.GMT.2013.egmond.c5.snap.classes.pkl
/mnt/c/Users/Ignasi/Downloads/ArgusNL/1376145006.Sat.Aug.10_14_30_06.UTC.2013.kijkduin.c6.snap.jpg,/mnt/c/Users/Ignasi/Downloads/ArgusNL/1376145006.Sat.Aug.10_14_30_06.UTC.2013.kijkduin.c6.snap.segments.pkl,/mnt/c/Users/Ignasi/Downloads/ArgusNL/1376145006.Sat.Aug.10_14_30_06.UTC.2013.kijkduin.c6.snap.classes.pkl
/mnt/c/Users/Ignasi/Downloads/ArgusNL/1376317802.Mon.Aug.12_14_30_02.UTC.2013.kijkduin.c1.snap.jpg,/mnt/c/Users/Ignasi/Downloads/ArgusNL/1376317802.Mon.Aug.12_14_30_02.UTC.2013.kijkduin.c1.snap.segments.pkl,/mnt/c/Users/Ignasi/Downloads/ArgusNL/1376317802.Mon.Aug.12_14_30_02.UTC.2013.kijkduin.c1.snap.classes.pkl
/mnt/c/Users/Ignasi/Downloads/ArgusNL/1376388002.Tue.Aug.13_10_00_02.UTC.2013.kijkduin.c2.snap.jpg,/mnt/c/Users/Ignasi/Downloads/ArgusNL/1376388002.Tue.Aug.13_10_00_02.UTC.2013.kijkduin.c2.snap.segments.pkl,/mnt/c/Users/Ignasi/Downloads/ArgusNL/1376388002.Tue.Aug.13_10_00_02.UTC.2013.kijkduin.c2.snap.classes.pkl
/mnt/c/Users/Ignasi/Downloads/ArgusNL/1376391602.Tue.Aug.13_11_00_02.GMT.2013.egmond.c1.snap.jpg,/mnt/c/Users/Ignasi/Downloads/ArgusNL/1376391602.Tue.Aug.13_11_00_02.GMT.2013.egmond.c1.snap.segments.pkl,/mnt/c/Users/Ignasi/Downloads/ArgusNL/1376391602.Tue.Aug.13_11_00_02.GMT.2013.egmond.c1.snap.classes.pkl
/mnt/c/Users/Ignasi/Downloads/ArgusNL/1376479805.Wed.Aug.14_11_30_05.UTC.2013.zandmotor.c4.snap.jpg,/mnt/c/Users/Ignasi/Downloads/ArgusNL/1376479805.Wed.Aug.14_11_30_05.UTC.2013.zandmotor.c4.snap.segments.pkl,/mnt/c/Users/Ignasi/Downloads/ArgusNL/1376479805.Wed.Aug.14_11_30_05.UTC.2013.zandmotor.c4.snap.classes.pkl
/mnt/c/Users/Ignasi/Downloads/ArgusNL/1376481605.Wed.Aug.14_12_00_05.GMT.2013.egmond.c4.snap.jpg,/mnt/c/Users/Ignasi/Downloads/ArgusNL/1376481605.Wed.Aug.14_12_00_05.GMT.2013.egmond.c4.snap.segments.pkl,/mnt/c/Users/Ignasi/Downloads/ArgusNL/1376481605.Wed.Aug.14_12_00_05.GMT.2013.egmond.c4.snap.classes.pkl
/mnt/c/Users/Ignasi/Downloads/ArgusNL/1376487004.Wed.Aug.14_13_30_04.UTC.2013.zandmotor.c4.snap.jpg,/mnt/c/Users/Ignasi/Downloads/ArgusNL/1376487004.Wed.Aug.14_13_30_04.UTC.2013.zandmotor.c4.snap.segments.pkl,/mnt/c/Users/Ignasi/Downloads/ArgusNL/1376487004.Wed.Aug.14_13_30_04.UTC.2013.zandmotor.c4.snap.classes.pkl
/mnt/c/Users/Ignasi/Downloads/ArgusNL/1376488803.Wed.Aug.14_14_00_03.GMT.2013.jvspeijk.c2.snap.jpg,/mnt/c/Users/Ignasi/Downloads/ArgusNL/1376488803.Wed.Aug.14_14_00_03.GMT.2013.jvspeijk.c2.snap.segments.pkl,/mnt/c/Users/Ignasi/Downloads/ArgusNL/1376488803.Wed.Aug.14_14_00_03.GMT.2013.jvspeijk.c2.snap.classes.pkl
/mnt/c/Users/Ignasi/Downloads/ArgusNL/1376649003.Fri.Aug.16_10_30_03.GMT.2013.egmond.c2.snap.jpg,/mnt/c/Users/Ignasi/Downloads/ArgusNL/1376649003.Fri.Aug.16_10_30_03.GMT.2013.egmond.c2.snap.segments.pkl,/mnt/c/Users/Ignasi/Downloads/ArgusNL/1376649003.Fri.Aug.16_10_30_03.GMT.2013.egmond.c2.snap.classes.pkl
/mnt/c/Users/Ignasi/Downloads/ArgusNL/1376742605.Sat.Aug.17_12_30_05.GMT.2013.egmond.c5.snap.jpg,/mnt/c/Users/Ignasi/Downloads/ArgusNL/1376742605.Sat.Aug.17_12_30_05.GMT.2013.egmond.c5.snap.segments.pkl,/mnt/c/Users/Ignasi/Downloads/ArgusNL/1376742605.Sat.Aug.17_12_30_05.GMT.2013.egmond.c5.snap.classes.pkl
/mnt/c/Users/Ignasi/Downloads/ArgusNL/1376749804.Sat.Aug.17_14_30_04.GMT.2013.jvspeijk.c4.snap.jpg,/mnt/c/Users/Ignasi/Downloads/ArgusNL/1376749804.Sat.Aug.17_14_30_04.GMT.2013.jvspeijk.c4.snap.segments.pkl,/mnt/c/Users/Ignasi/Downloads/ArgusNL/1376749804.Sat.Aug.17_14_30_04.GMT.2013.jvspeijk.c4.snap.classes.pkl
/mnt/c/Users/Ignasi/Downloads/ArgusNL/1376985603.Tue.Aug.20_08_00_03.UTC.2013.kijkduin.c2.snap.jpg,/mnt/c/Users/Ignasi/Downloads/ArgusNL/1376985603.Tue.Aug.20_08_00_03.UTC.2013.kijkduin.c2.snap.segments.pkl,/mnt/c/Users/Ignasi/Downloads/ArgusNL/1376985603.Tue.Aug.20_08_00_03.UTC.2013.kijkduin.c2.snap.classes.pkl
/mnt/c/Users/Ignasi/Downloads/ArgusNL/1377082803.Wed.Aug.21_11_00_03.UTC.2013.kijkduin.c2.snap.jpg,/mnt/c/Users/Ignasi/Downloads/ArgusNL/1377082803.Wed.Aug.21_11_00_03.UTC.2013.kijkduin.c2.snap.segments.pkl,/mnt/c/Users/Ignasi/Downloads/ArgusNL/1377082803.Wed.Aug.21_11_00_03.UTC.2013.kijkduin.c2.snap.classes.pkl
/mnt/c/Users/Ignasi/Downloads/ArgusNL/1377095402.Wed.Aug.21_14_30_02.GMT.2013.egmond.c2.snap.jpg,/mnt/c/Users/Ignasi/Downloads/ArgusNL/1377095402.Wed.Aug.21_14_30_02.GMT.2013.egmond.c2.snap.segments.pkl,/mnt/c/Users/Ignasi/Downloads/ArgusNL/1377095402.Wed.Aug.21_14_30_02.GMT.2013.egmond.c2.snap.classes.pkl
/mnt/c/Users/Ignasi/Downloads/ArgusNL/1377244806.Fri.Aug.23_08_00_06.GMT.2013.jvspeijk.c5.snap.jpg,/mnt/c/Users/Ignasi/Downloads/ArgusNL/1377244806.Fri.Aug.23_08_00_06.GMT.2013.jvspeijk.c5.snap.segments.pkl,/mnt/c/Users/Ignasi/Downloads/ArgusNL/1377244806.Fri.Aug.23_08_00_06.GMT.2013.jvspeijk.c5.snap.classes.pkl
/mnt/c/Users/Ignasi/Downloads/ArgusNL/1377252001.Fri.Aug.23_10_00_01.GMT.2013.jvspeijk.c1.snap.jpg,/mnt/c/Users/Ignasi/Downloads/ArgusNL/1377252001.Fri.Aug.23_10_00_01.GMT.2013.jvspeijk.c1.snap.segments.pkl,/mnt/c/Users/Ignasi/Downloads/ArgusNL/1377252001.Fri.Aug.23_10_00_01.GMT.2013.jvspeijk.c1.snap.classes.pkl
/mnt/c/Users/Ignasi/Downloads/ArgusNL/1377262808.Fri.Aug.23_13_00_08.UTC.2013.zandmotor.c7.snap.jpg,/mnt/c/Users/Ignasi/Downloads/ArgusNL/1377262808.Fri.Aug.23_13_00_08.UTC.2013.zandmotor.c7.snap.segments.pkl,/mnt/c/Users/Ignasi/Downloads/ArgusNL/1377262808.Fri.Aug.23_13_00_08.UTC.2013.zandmotor.c7.snap.classes.pkl
/mnt/c/Users/Ignasi/Downloads/ArgusNL/1377331202.Sat.Aug.24_08_00_02.UTC.2013.zandmotor.c2.snap.jpg,/mnt/c/Users/Ignasi/Downloads/ArgusNL/1377331202.Sat.Aug.24_08_00_02.UTC.2013.zandmotor.c2.snap.segments.pkl,/mnt/c/Users/Ignasi/Downloads/ArgusNL/1377331202.Sat.Aug.24_08_00_02.UTC.2013.zandmotor.c2.snap.classes.pkl
/mnt/c/Users/Ignasi/Downloads/ArgusNL/1377347404.Sat.Aug.24_12_30_04.GMT.2013.jvspeijk.c4.snap.jpg,/mnt/c/Users/Ignasi/Downloads/ArgusNL/1377347404.Sat.Aug.24_12_30_04.GMT.2013.jvspeijk.c4.snap.segments.pkl,/mnt/c/Users/Ignasi/Downloads/ArgusNL/1377347404.Sat.Aug.24_12_30_04.GMT.2013.jvspeijk.c4.snap.classes.pkl
/mnt/c/Users/Ignasi/Downloads/ArgusNL/1377354602.Sat.Aug.24_14_30_02.UTC.2013.kijkduin.c2.snap.jpg,/mnt/c/Users/Ignasi/Downloads/ArgusNL/1377354602.Sat.Aug.24_14_30_02.UTC.2013.kijkduin.c2.snap.segments.pkl,/mnt/c/Users/Ignasi/Downloads/ArgusNL/1377354602.Sat.Aug.24_14_30_02.UTC.2013.kijkduin.c2.snap.classes.pkl
/mnt/c/Users/Ignasi/Downloads/ArgusNL/1377421201.Sun.Aug.25_09_00_01.GMT.2013.jvspeijk.c1.snap.jpg,/mnt/c/Users/Ignasi/Downloads/ArgusNL/1377421201.Sun.Aug.25_09_00_01.GMT.2013.jvspeijk.c1.snap.segments.pkl,/mnt/c/Users/Ignasi/Downloads/ArgusNL/1377421201.Sun.Aug.25_09_00_01.GMT.2013.jvspeijk.c1.snap.classes.pkl
/mnt/c/Users/Ignasi/Downloads/ArgusNL/1377513006.Mon.Aug.26_10_30_06.GMT.2013.jvspeijk.c5.snap.jpg,/mnt/c/Users/Ignasi/Downloads/ArgusNL/1377513006.Mon.Aug.26_10_30_06.GMT.2013.jvspeijk.c5.snap.segments.pkl,/mnt/c/Users/Ignasi/Downloads/ArgusNL/1377513006.Mon.Aug.26_10_30_06.GMT.2013.jvspeijk.c5.snap.classes.pkl
/mnt/c/Users/Ignasi/Downloads/ArgusNL/1377514801.Mon.Aug.26_11_00_01.UTC.2013.zandmotor.c1.snap.jpg,/mnt/c/Users/Ignasi/Downloads/ArgusNL/1377514801.Mon.Aug.26_11_00_01.UTC.2013.zandmotor.c1.snap.segments.pkl,/mnt/c/Users/Ignasi/Downloads/ArgusNL/1377514801.Mon.Aug.26_11_00_01.UTC.2013.zandmotor.c1.snap.classes.pkl
/mnt/c/Users/Ignasi/Downloads/ArgusNL/1377689407.Wed.Aug.28_11_30_07.UTC.2013.zandmotor.c7.snap.jpg,/mnt/c/Users/Ignasi/Downloads/ArgusNL/1377689407.Wed.Aug.28_11_30_07.UTC.2013.zandmotor.c7.snap.segments.pkl,/mnt/c/Users/Ignasi/Downloads/ArgusNL/1377689407.Wed.Aug.28_11_30_07.UTC.2013.zandmotor.c7.snap.classes.pkl
/mnt/c/Users/Ignasi/Downloads/ArgusNL/1377777605.Thu.Aug.29_12_00_05.UTC.2013.kijkduin.c5.snap.jpg,/mnt/c/Users/Ignasi/Downloads/ArgusNL/1377777605.Thu.Aug.29_12_00_05.UTC.2013.kijkduin.c5.snap.segments.pkl,/mnt/c/Users/Ignasi/Downloads/ArgusNL/1377777605.Thu.Aug.29_12_00_05.UTC.2013.kijkduin.c5.snap.classes.pkl
/mnt/c/Users/Ignasi/Downloads/ArgusNL/1377783007.Thu.Aug.29_13_30_07.UTC.2013.zandmotor.c7.snap.jpg,/mnt/c/Users/Ignasi/Downloads/ArgusNL/1377783007.Thu.Aug.29_13_30_07.UTC.2013.zandmotor.c7.snap.segments.pkl,/mnt/c/Users/Ignasi/Downloads/ArgusNL/1377783007.Thu.Aug.29_13_30_07.UTC.2013.zandmotor.c7.snap.classes.pkl
/mnt/c/Users/Ignasi/Downloads/ArgusNL/1377786604.Thu.Aug.29_14_30_04.UTC.2013.kijkduin.c4.snap.jpg,/mnt/c/Users/Ignasi/Downloads/ArgusNL/1377786604.Thu.Aug.29_14_30_04.UTC.2013.kijkduin.c4.snap.segments.pkl,/mnt/c/Users/Ignasi/Downloads/ArgusNL/1377786604.Thu.Aug.29_14_30_04.UTC.2013.kijkduin.c4.snap.classes.pkl
/mnt/c/Users/Ignasi/Downloads/ArgusNL/1377786605.Thu.Aug.29_14_30_05.GMT.2013.jvspeijk.c5.snap.jpg,/mnt/c/Users/Ignasi/Downloads/ArgusNL/1377786605.Thu.Aug.29_14_30_05.GMT.2013.jvspeijk.c5.snap.segments.pkl,/mnt/c/Users/Ignasi/Downloads/ArgusNL/1377786605.Thu.Aug.29_14_30_05.GMT.2013.jvspeijk.c5.snap.classes.pkl
/mnt/c/Users/Ignasi/Downloads/ArgusNL/1377856805.Fri.Aug.30_10_00_05.UTC.2013.kijkduin.c5.snap.jpg,/mnt/c/Users/Ignasi/Downloads/ArgusNL/1377856805.Fri.Aug.30_10_00_05.UTC.2013.kijkduin.c5.snap.segments.pkl,/mnt/c/Users/Ignasi/Downloads/ArgusNL/1377856805.Fri.Aug.30_10_00_05.UTC.2013.kijkduin.c5.snap.classes.pkl
/mnt/c/Users/Ignasi/Downloads/ArgusNL/1377862208.Fri.Aug.30_11_30_08.UTC.2013.zandmotor.c8.snap.jpg,/mnt/c/Users/Ignasi/Downloads/ArgusNL/1377862208.Fri.Aug.30_11_30_08.UTC.2013.zandmotor.c8.snap.segments.pkl,/mnt/c/Users/Ignasi/Downloads/ArgusNL/1377862208.Fri.Aug.30_11_30_08.UTC.2013.zandmotor.c8.snap.classes.pkl
/mnt/c/Users/Ignasi/Downloads/ArgusNL/1378026007.Sun.Sep.01_09_00_07.UTC.2013.kijkduin.c6.snap.jpg,/mnt/c/Users/Ignasi/Downloads/ArgusNL/1378026007.Sun.Sep.01_09_00_07.UTC.2013.kijkduin.c6.snap.segments.pkl,/mnt/c/Users/Ignasi/Downloads/ArgusNL/1378026007.Sun.Sep.01_09_00_07.UTC.2013.kijkduin.c6.snap.classes.pkl
/mnt/c/Users/Ignasi/Downloads/ArgusNL/1378045803.Sun.Sep.01_14_30_03.GMT.2013.egmond.c2.snap.jpg,/mnt/c/Users/Ignasi/Downloads/ArgusNL/1378045803.Sun.Sep.01_14_30_03.GMT.2013.egmond.c2.snap.segments.pkl,/mnt/c/Users/Ignasi/Downloads/ArgusNL/1378045803.Sun.Sep.01_14_30_03.GMT.2013.egmond.c2.snap.classes.pkl
/mnt/c/Users/Ignasi/Downloads/ArgusNL/1378123204.Mon.Sep.02_12_00_04.GMT.2013.egmond.c4.snap.jpg,/mnt/c/Users/Ignasi/Downloads/ArgusNL/1378123204.Mon.Sep.02_12_00_04.GMT.2013.egmond.c4.snap.segments.pkl,/mnt/c/Users/Ignasi/Downloads/ArgusNL/1378123204.Mon.Sep.02_12_00_04.GMT.2013.egmond.c4.snap.classes.pkl
/mnt/c/Users/Ignasi/Downloads/ArgusNL/1378206005.Tue.Sep.03_11_00_05.UTC.2013.zandmotor.c8.snap.jpg,/mnt/c/Users/Ignasi/Downloads/ArgusNL/1378206005.Tue.Sep.03_11_00_05.UTC.2013.zandmotor.c8.snap.segments.pkl,/mnt/c/Users/Ignasi/Downloads/ArgusNL/1378206005.Tue.Sep.03_11_00_05.UTC.2013.zandmotor.c8.snap.classes.pkl
/mnt/c/Users/Ignasi/Downloads/ArgusNL/1378215009.Tue.Sep.03_13_30_09.UTC.2013.zandmotor.c8.snap.jpg,/mnt/c/Users/Ignasi/Downloads/ArgusNL/1378215009.Tue.Sep.03_13_30_09.UTC.2013.zandmotor.c8.snap.segments.pkl,/mnt/c/Users/Ignasi/Downloads/ArgusNL/1378215009.Tue.Sep.03_13_30_09.UTC.2013.zandmotor.c8.snap.classes.pkl
/mnt/c/Users/Ignasi/Downloads/ArgusNL/1378218604.Tue.Sep.03_14_30_04.GMT.2013.egmond.c4.snap.jpg,/mnt/c/Users/Ignasi/Downloads/ArgusNL/1378218604.Tue.Sep.03_14_30_04.GMT.2013.egmond.c4.snap.segments.pkl,/mnt/c/Users/Ignasi/Downloads/ArgusNL/1378218604.Tue.Sep.03_14_30_04.GMT.2013.egmond.c4.snap.classes.pkl
/mnt/c/Users/Ignasi/Downloads/ArgusNL/1378288805.Wed.Sep.04_10_00_05.UTC.2013.kijkduin.c5.snap.jpg,/mnt/c/Users/Ignasi/Downloads/ArgusNL/1378288805.Wed.Sep.04_10_00_05.UTC.2013.kijkduin.c5.snap.segments.pkl,/mnt/c/Users/Ignasi/Downloads/ArgusNL/1378288805.Wed.Sep.04_10_00_05.UTC.2013.kijkduin.c5.snap.classes.pkl
/mnt/c/Users/Ignasi/Downloads/ArgusNL/1378387808.Thu.Sep.05_13_30_08.UTC.2013.zandmotor.c8.snap.jpg,/mnt/c/Users/Ignasi/Downloads/ArgusNL/1378387808.Thu.Sep.05_13_30_08.UTC.2013.zandmotor.c8.snap.segments.pkl,/mnt/c/Users/Ignasi/Downloads/ArgusNL/1378387808.Thu.Sep.05_13_30_08.UTC.2013.zandmotor.c8.snap.classes.pkl
/mnt/c/Users/Ignasi/Downloads/ArgusNL/1378459808.Fri.Sep.06_09_30_08.UTC.2013.zandmotor.c8.snap.jpg,/mnt/c/Users/Ignasi/Downloads/ArgusNL/1378459808.Fri.Sep.06_09_30_08.UTC.2013.zandmotor.c8.snap.segments.pkl,/mnt/c/Users/Ignasi/Downloads/ArgusNL/1378459808.Fri.Sep.06_09_30_08.UTC.2013.zandmotor.c8.snap.classes.pkl
/mnt/c/Users/Ignasi/Downloads/ArgusNL/1378645203.Sun.Sep.08_13_00_03.GMT.2013.egmond.c3.snap.jpg,/mnt/c/Users/Ignasi/Downloads/ArgusNL/1378645203.Sun.Sep.08_13_00_03.GMT.2013.egmond.c3.snap.segments.pkl,/mnt/c/Users/Ignasi/Downloads/ArgusNL/1378645203.Sun.Sep.08_13_00_03.GMT.2013.egmond.c3.snap.classes.pkl
/mnt/c/Users/Ignasi/Downloads/ArgusNL/1378800001.Tue.Sep.10_08_00_01.UTC.2013.zandmotor.c1.snap.jpg,/mnt/c/Users/Ignasi/Downloads/ArgusNL/1378800001.Tue.Sep.10_08_00_01.UTC.2013.zandmotor.c1.snap.segments.pkl,/mnt/c/Users/Ignasi/Downloads/ArgusNL/1378800001.Tue.Sep.10_08_00_01.UTC.2013.zandmotor.c1.snap.classes.pkl
/mnt/c/Users/Ignasi/Downloads/ArgusNL/1378893604.Wed.Sep.11_10_00_04.GMT.2013.egmond.c3.snap.jpg,/mnt/c/Users/Ignasi/Downloads/ArgusNL/1378893604.Wed.Sep.11_10_00_04.GMT.2013.egmond.c3.snap.segments.pkl,/mnt/c/Users/Ignasi/Downloads/ArgusNL/1378893604.Wed.Sep.11_10_00_04.GMT.2013.egmond.c3.snap.classes.pkl
/mnt/c/Users/Ignasi/Downloads/ArgusNL/1378899003.Wed.Sep.11_11_30_03.UTC.2013.zandmotor.c2.snap.jpg,/mnt/c/Users/Ignasi/Downloads/ArgusNL/1378899003.Wed.Sep.11_11_30_03.UTC.2013.zandmotor.c2.snap.segments.pkl,/mnt/c/Users/Ignasi/Downloads/ArgusNL/1378899003.Wed.Sep.11_11_30_03.UTC.2013.zandmotor.c2.snap.classes.pkl
/mnt/c/Users/Ignasi/Downloads/ArgusNL/1378978205.Thu.Sep.12_09_30_05.GMT.2013.egmond.c5.snap.jpg,/mnt/c/Users/Ignasi/Downloads/ArgusNL/1378978205.Thu.Sep.12_09_30_05.GMT.2013.egmond.c5.snap.segments.pkl,/mnt/c/Users/Ignasi/Downloads/ArgusNL/1378978205.Thu.Sep.12_09_30_05.GMT.2013.egmond.c5.snap.classes.pkl
/mnt/c/Users/Ignasi/Downloads/ArgusNL/1378981801.Thu.Sep.12_10_30_01.UTC.2013.kijkduin.c1.snap.jpg,/mnt/c/Users/Ignasi/Downloads/ArgusNL/1378981801.Thu.Sep.12_10_30_01.UTC.2013.kijkduin.c1.snap.segments.pkl,/mnt/c/Users/Ignasi/Downloads/ArgusNL/1378981801.Thu.Sep.12_10_30_01.UTC.2013.kijkduin.c1.snap.classes.pkl
/mnt/c/Users/Ignasi/Downloads/ArgusNL/1378985401.Thu.Sep.12_11_30_01.UTC.2013.kijkduin.c1.snap.jpg,/mnt/c/Users/Ignasi/Downloads/ArgusNL/1378985401.Thu.Sep.12_11_30_01.UTC.2013.kijkduin.c1.snap.segments.pkl,/mnt/c/Users/Ignasi/Downloads/ArgusNL/1378985401.Thu.Sep.12_11_30_01.UTC.2013.kijkduin.c1.snap.classes.pkl
/mnt/c/Users/Ignasi/Downloads/ArgusNL/1378990803.Thu.Sep.12_13_00_03.GMT.2013.jvspeijk.c3.snap.jpg,/mnt/c/Users/Ignasi/Downloads/ArgusNL/1378990803.Thu.Sep.12_13_00_03.GMT.2013.jvspeijk.c3.snap.segments.pkl,/mnt/c/Users/Ignasi/Downloads/ArgusNL/1378990803.Thu.Sep.12_13_00_03.GMT.2013.jvspeijk.c3.snap.classes.pkl
/mnt/c/Users/Ignasi/Downloads/ArgusNL/1379061007.Fri.Sep.13_08_30_07.UTC.2013.zandmotor.c6.snap.jpg,/mnt/c/Users/Ignasi/Downloads/ArgusNL/1379061007.Fri.Sep.13_08_30_07.UTC.2013.zandmotor.c6.snap.segments.pkl,/mnt/c/Users/Ignasi/Downloads/ArgusNL/1379061007.Fri.Sep.13_08_30_07.UTC.2013.zandmotor.c6.snap.classes.pkl
/mnt/c/Users/Ignasi/Downloads/ArgusNL/1379066406.Fri.Sep.13_10_00_06.UTC.2013.zandmotor.c5.snap.jpg,/mnt/c/Users/Ignasi/Downloads/ArgusNL/1379066406.Fri.Sep.13_10_00_06.UTC.2013.zandmotor.c5.snap.segments.pkl,/mnt/c/Users/Ignasi/Downloads/ArgusNL/1379066406.Fri.Sep.13_10_00_06.UTC.2013.zandmotor.c5.snap.classes.pkl
/mnt/c/Users/Ignasi/Downloads/ArgusNL/1379149206.Sat.Sep.14_09_00_06.UTC.2013.zandmotor.c6.snap.jpg,/mnt/c/Users/Ignasi/Downloads/ArgusNL/1379149206.Sat.Sep.14_09_00_06.UTC.2013.zandmotor.c6.snap.segments.pkl,/mnt/c/Users/Ignasi/Downloads/ArgusNL/1379149206.Sat.Sep.14_09_00_06.UTC.2013.zandmotor.c6.snap.classes.pkl
/mnt/c/Users/Ignasi/Downloads/ArgusNL/1379158206.Sat.Sep.14_11_30_06.GMT.2013.egmond.c5.snap.jpg,/mnt/c/Users/Ignasi/Downloads/ArgusNL/1379158206.Sat.Sep.14_11_30_06.GMT.2013.egmond.c5.snap.segments.pkl,/mnt/c/Users/Ignasi/Downloads/ArgusNL/1379158206.Sat.Sep.14_11_30_06.GMT.2013.egmond.c5.snap.classes.pkl
/mnt/c/Users/Ignasi/Downloads/ArgusNL/1379242805.Sun.Sep.15_11_00_05.UTC.2013.kijkduin.c5.snap.jpg,/mnt/c/Users/Ignasi/Downloads/ArgusNL/1379242805.Sun.Sep.15_11_00_05.UTC.2013.kijkduin.c5.snap.segments.pkl,/mnt/c/Users/Ignasi/Downloads/ArgusNL/1379242805.Sun.Sep.15_11_00_05.UTC.2013.kijkduin.c5.snap.classes.pkl
/mnt/c/Users/Ignasi/Downloads/ArgusNL/1379246403.Sun.Sep.15_12_00_03.GMT.2013.jvspeijk.c2.snap.jpg,/mnt/c/Users/Ignasi/Downloads/ArgusNL/1379246403.Sun.Sep.15_12_00_03.GMT.2013.jvspeijk.c2.snap.segments.pkl,/mnt/c/Users/Ignasi/Downloads/ArgusNL/1379246403.Sun.Sep.15_12_00_03.GMT.2013.jvspeijk.c2.snap.classes.pkl
/mnt/c/Users/Ignasi/Downloads/ArgusNL/1379327403.Mon.Sep.16_10_30_03.UTC.2013.kijkduin.c3.snap.jpg,/mnt/c/Users/Ignasi/Downloads/ArgusNL/1379327403.Mon.Sep.16_10_30_03.UTC.2013.kijkduin.c3.snap.segments.pkl,/mnt/c/Users/Ignasi/Downloads/ArgusNL/1379327403.Mon.Sep.16_10_30_03.UTC.2013.kijkduin.c3.snap.classes.pkl
/mnt/c/Users/Ignasi/Downloads/ArgusNL/1379426402.Tue.Sep.17_14_00_02.UTC.2013.kijkduin.c1.snap.jpg,/mnt/c/Users/Ignasi/Downloads/ArgusNL/1379426402.Tue.Sep.17_14_00_02.UTC.2013.kijkduin.c1.snap.segments.pkl,/mnt/c/Users/Ignasi/Downloads/ArgusNL/1379426402.Tue.Sep.17_14_00_02.UTC.2013.kijkduin.c1.snap.classes.pkl
/mnt/c/Users/Ignasi/Downloads/ArgusNL/1379491206.Wed.Sep.18_08_00_06.GMT.2013.egmond.c5.snap.jpg,/mnt/c/Users/Ignasi/Downloads/ArgusNL/1379491206.Wed.Sep.18_08_00_06.GMT.2013.egmond.c5.snap.segments.pkl,/mnt/c/Users/Ignasi/Downloads/ArgusNL/1379491206.Wed.Sep.18_08_00_06.GMT.2013.egmond.c5.snap.classes.pkl
/mnt/c/Users/Ignasi/Downloads/ArgusNL/1379597401.Thu.Sep.19_13_30_01.GMT.2013.egmond.c1.snap.jpg,/mnt/c/Users/Ignasi/Downloads/ArgusNL/1379597401.Thu.Sep.19_13_30_01.GMT.2013.egmond.c1.snap.segments.pkl,/mnt/c/Users/Ignasi/Downloads/ArgusNL/1379597401.Thu.Sep.19_13_30_01.GMT.2013.egmond.c1.snap.classes.pkl
/mnt/c/Users/Ignasi/Downloads/ArgusNL/1379682002.Fri.Sep.20_13_00_02.UTC.2013.zandmotor.c5.snap.jpg,/mnt/c/Users/Ignasi/Downloads/ArgusNL/1379682002.Fri.Sep.20_13_00_02.UTC.2013.zandmotor.c5.snap.segments.pkl,/mnt/c/Users/Ignasi/Downloads/ArgusNL/1379682002.Fri.Sep.20_13_00_02.UTC.2013.zandmotor.c5.snap.classes.pkl
/mnt/c/Users/Ignasi/Downloads/ArgusNL/1379682005.Fri.Sep.20_13_00_05.UTC.2013.kijkduin.c5.snap.jpg,/mnt/c/Users/Ignasi/Downloads/ArgusNL/1379682005.Fri.Sep.20_13_00_05.UTC.2013.kijkduin.c5.snap.segments.pkl,/mnt/c/Users/Ignasi/Downloads/ArgusNL/1379682005.Fri.Sep.20_13_00_05.UTC.2013.kijkduin.c5.snap.classes.pkl
/mnt/c/Users/Ignasi/Downloads/ArgusNL/1379750405.Sat.Sep.21_08_00_05.UTC.2013.kijkduin.c5.snap.jpg,/mnt/c/Users/Ignasi/Downloads/ArgusNL/1379750405.Sat.Sep.21_08_00_05.UTC.2013.kijkduin.c5.snap.segments.pkl,/mnt/c/Users/Ignasi/Downloads/ArgusNL/1379750405.Sat.Sep.21_08_00_05.UTC.2013.kijkduin.c5.snap.classes.pkl
/mnt/c/Users/Ignasi/Downloads/ArgusNL/1379754002.Sat.Sep.21_09_00_02.GMT.2013.jvspeijk.c1.snap.jpg,/mnt/c/Users/Ignasi/Downloads/ArgusNL/1379754002.Sat.Sep.21_09_00_02.GMT.2013.jvspeijk.c1.snap.segments.pkl,/mnt/c/Users/Ignasi/Downloads/ArgusNL/1379754002.Sat.Sep.21_09_00_02.GMT.2013.jvspeijk.c1.snap.classes.pkl
/mnt/c/Users/Ignasi/Downloads/ArgusNL/1380018604.Tue.Sep.24_10_30_04.GMT.2013.jvspeijk.c3.snap.jpg,/mnt/c/Users/Ignasi/Downloads/ArgusNL/1380018604.Tue.Sep.24_10_30_04.GMT.2013.jvspeijk.c3.snap.segments.pkl,/mnt/c/Users/Ignasi/Downloads/ArgusNL/1380018604.Tue.Sep.24_10_30_04.GMT.2013.jvspeijk.c3.snap.classes.pkl
/mnt/c/Users/Ignasi/Downloads/ArgusNL/1380272404.Fri.Sep.27_09_00_04.GMT.2013.egmond.c3.snap.jpg,/mnt/c/Users/Ignasi/Downloads/ArgusNL/1380272404.Fri.Sep.27_09_00_04.GMT.2013.egmond.c3.snap.segments.pkl,/mnt/c/Users/Ignasi/Downloads/ArgusNL/1380272404.Fri.Sep.27_09_00_04.GMT.2013.egmond.c3.snap.classes.pkl
/mnt/c/Users/Ignasi/Downloads/ArgusNL/1380272404.Fri.Sep.27_09_00_04.GMT.2013.jvspeijk.c4.snap.jpg,/mnt/c/Users/Ignasi/Downloads/ArgusNL/1380272404.Fri.Sep.27_09_00_04.GMT.2013.jvspeijk.c4.snap.segments.pkl,/mnt/c/Users/Ignasi/Downloads/ArgusNL/1380272404.Fri.Sep.27_09_00_04.GMT.2013.jvspeijk.c4.snap.classes.pkl
/mnt/c/Users/Ignasi/Downloads/ArgusNL/1380355202.Sat.Sep.28_08_00_02.GMT.2013.egmond.c1.snap.jpg,/mnt/c/Users/Ignasi/Downloads/ArgusNL/1380355202.Sat.Sep.28_08_00_02.GMT.2013.egmond.c1.snap.segments.pkl,/mnt/c/Users/Ignasi/Downloads/ArgusNL/1380355202.Sat.Sep.28_08_00_02.GMT.2013.egmond.c1.snap.classes.pkl
/mnt/c/Users/Ignasi/Downloads/ArgusNL/1380375002.Sat.Sep.28_13_30_02.GMT.2013.jvspeijk.c2.snap.jpg,/mnt/c/Users/Ignasi/Downloads/ArgusNL/1380375002.Sat.Sep.28_13_30_02.GMT.2013.jvspeijk.c2.snap.segments.pkl,/mnt/c/Users/Ignasi/Downloads/ArgusNL/1380375002.Sat.Sep.28_13_30_02.GMT.2013.jvspeijk.c2.snap.classes.pkl
/mnt/c/Users/Ignasi/Downloads/ArgusNL/1380375003.Sat.Sep.28_13_30_03.UTC.2013.kijkduin.c3.snap.jpg,/mnt/c/Users/Ignasi/Downloads/ArgusNL/1380375003.Sat.Sep.28_13_30_03.UTC.2013.kijkduin.c3.snap.segments.pkl,/mnt/c/Users/Ignasi/Downloads/ArgusNL/1380375003.Sat.Sep.28_13_30_03.UTC.2013.kijkduin.c3.snap.classes.pkl
/mnt/c/Users/Ignasi/Downloads/ArgusNL/1380448801.Sun.Sep.29_10_00_01.GMT.2013.egmond.c1.snap.jpg,/mnt/c/Users/Ignasi/Downloads/ArgusNL/1380448801.Sun.Sep.29_10_00_01.GMT.2013.egmond.c1.snap.segments.pkl,/mnt/c/Users/Ignasi/Downloads/ArgusNL/1380448801.Sun.Sep.29_10_00_01.GMT.2013.egmond.c1.snap.classes.pkl
/mnt/c/Users/Ignasi/Downloads/ArgusNL/1380529804.Mon.Sep.30_08_30_04.UTC.2013.kijkduin.c4.snap.jpg,/mnt/c/Users/Ignasi/Downloads/ArgusNL/1380529804.Mon.Sep.30_08_30_04.UTC.2013.kijkduin.c4.snap.segments.pkl,/mnt/c/Users/Ignasi/Downloads/ArgusNL/1380529804.Mon.Sep.30_08_30_04.UTC.2013.kijkduin.c4.snap.classes.pkl
/mnt/c/Users/Ignasi/Downloads/ArgusNL/1380546003.Mon.Sep.30_13_00_03.GMT.2013.egmond.c3.snap.jpg,/mnt/c/Users/Ignasi/Downloads/ArgusNL/1380546003.Mon.Sep.30_13_00_03.GMT.2013.egmond.c3.snap.segments.pkl,/mnt/c/Users/Ignasi/Downloads/ArgusNL/1380546003.Mon.Sep.30_13_00_03.GMT.2013.egmond.c3.snap.classes.pkl
